gene	sample	sequence	num_hits	coverage	taxonomy
S3.1.ribosomal_protein_L2_rplB	SRR15852922sub_R1_001	GAGCTGTACCCCGGCAAGGGCGCCCAGCTTGTCCGCGCCGCCGGCGACGCCGCCCAGCTG	1	1.65	Root; d__Bacteria; p__Bacillota; c__Clostridia; o__Oscillospirales; f__Oscillospiraceae; g__Flavonifractor; s__Flavonifractor plautii
S3.1.ribosomal_protein_L2_rplB	SRR15852922sub_R1_001	GAATTACGTCCGGGACAGGGTGCTGCTCTGGTTCGTTCAGCTGGTAACTTTGCTCAGTTG	1	1.65	Root; d__Bacteria; p__Bacteroidota; c__Bacteroidia; o__Bacteroidales; f__Bacteroidaceae; g__Bacteroides
S3.1.ribosomal_protein_L2_rplB	SRR15852922sub_R1_001	GAATTACGTCCGGGACAAGGCGCTGCCTTGGTTCGCTCGGCTGGTAACTTCGCTCAGTTG	1	1.65	Root; d__Bacteria; p__Bacteroidota; c__Bacteroidia; o__Bacteroidales; f__Bacteroidaceae; g__Bacteroides
S3.2.ribosomal_protein_L3_rplC	SRR15852922sub_R1_001	GTGGACGTGACCGGCATCAGCAAGGGCCACGGCTACCAGGGCGTCATCAAGCGCCACGGC	2	3.30	Root; d__Bacteria; p__Bacillota; c__Clostridia; o__Oscillospirales; f__Oscillospiraceae
S3.2.ribosomal_protein_L3_rplC	SRR15852922sub_R1_001	GTTGACGTTGTAGGTACTTCTAAAGGTAAAGGTTTTCAGGGTGTTGTGAAACGTCATGGT	1	1.65	Root; d__Bacteria; p__Bacteroidota; c__Bacteroidia; o__Bacteroidales; f__Bacteroidaceae; g__Bacteroides
S3.2.ribosomal_protein_L3_rplC	SRR15852922sub_R1_001	GTTGACGTTGTAGGTACTTCTAAGGGTAAAGGTTTCCAGGGTGTAGTCAAACGCCATGGT	1	1.65	Root; d__Bacteria; p__Bacteroidota; c__Bacteroidia; o__Bacteroidales; f__Bacteroidaceae; g__Bacteroides; s__Bacteroides uniformis
S3.2.ribosomal_protein_L3_rplC	SRR15852922sub_R1_001	GTTGACGTTGTAGGTCCTTCTAAGGGTAAAGGTTTCCAGGGTGTAGTAAAACGCCCTGGT	1	1.65	Root; d__Bacteria; p__Bacteroidota; c__Bacteroidia; o__Bacteroidales; f__Bacteroidaceae; g__Bacteroides; s__Bacteroides uniformis
S3.2.ribosomal_protein_L3_rplC	SRR15852922sub_R1_001	GTTGACGTTGTTGGTACTTCTAAAGGTAAAGGCTTCCAAGGTGTAGTTAAAAGACATGGA	1	1.65	Root; d__Bacteria; p__Bacteroidota; c__Bacteroidia; o__Bacteroidales; f__Bacteroidaceae; g__Phocaeicola
S3.2.ribosomal_protein_L3_rplC	SRR15852922sub_R1_001	GTAGATGTCAGCGGCACCAGCAAAGGTAAGGGCTATGCCGGCGCAATCAAGCGTCACACT	1	1.65	Root; d__Bacteria; p__Bacillota; c__Clostridia; o__Oscillospirales; f__Ruminococcaceae; g__Ruminococcus_C; s__Ruminococcus_C sp000980705
S3.3.ribosomal_protein_L14b_L23e_rplN	SRR15852922sub_R1_001	GCTTGCGTGTTGTTGAATAATGCAGGTGAAATTAGAGGTAGTCGTATTTTCGGTCCTGTA	2	3.30	Root; d__Bacteria; p__Bacteroidota; c__Bacteroidia; o__Bacteroidales; f__Bacteroidaceae; g__Bacteroides
S3.3.ribosomal_protein_L14b_L23e_rplN	SRR15852922sub_R1_001	GCCGCCGTTATCGTTATGGCCGACAAGAGCCCCAAGGGTACCCGTATCTTTGGACCCGTT	2	3.30	Root; d__Bacteria; p__Bacillota; c__Clostridia; o__Oscillospirales; f__Ruminococcaceae; g__Faecalibacterium
S3.4.ribosomal_protein_L16_L10E_rplP	SRR15852922sub_R1_001	CGTATATTTCCGGATAAACCGATCACTAGAAAACCTGCCGATGTACGTATGGGTAAAGGT	1	1.65	Root; d__Bacteria; p__Bacteroidota; c__Bacteroidia; o__Bacteroidales; f__Bacteroidaceae; g__Bacteroides
S3.4.ribosomal_protein_L16_L10E_rplP	SRR15852922sub_R1_001	CGTATTTTCCCCGACAAACCTATCACCAGAAAGCCTGCTGATGTGCGTATGGGTAAGGGT	1	1.65	Root; d__Bacteria; p__Bacteroidota; c__Bacteroidia; o__Bacteroidales; f__Bacteroidaceae; g__Bacteroides; s__Bacteroides uniformis
S3.4.ribosomal_protein_L16_L10E_rplP	SRR15852922sub_R1_001	CGCATCTTCCCGGACAAGCCCATCTCCAGCAAGCCAGCTGAAGTCCGTATGGGTAACGGT	1	1.65	Root; d__Bacteria; p__Pseudomonadota; c__Gammaproteobacteria; o__Burkholderiales; f__Burkholderiaceae; g__Sutterella
S3.5.ribosomal_protein_S2_rpsB	SRR15852922sub_R1_001	CACAATATCGCCATTCAGGAAGCCAACAAGCTCGGCATCCCCGTCATCGGCGTGGTCGAC	1	1.65	Root; d__Bacteria; p__Pseudomonadota; c__Gammaproteobacteria; o__Burkholderiales; f__Burkholderiaceae; g__Sutterella
S3.5.ribosomal_protein_S2_rpsB	SRR15852922sub_R1_001	GAAGACATCGCCATCCGCGAAGCCCACCGTCTGAACATTCCCGTCTGCGTTCTGGTTGAC	1	1.65	Root; d__Bacteria; p__Verrucomicrobiota; c__Verrucomicrobiia; o__Verrucomicrobiales; f__Akkermansiaceae; g__Akkermansia
S3.5.ribosomal_protein_S2_rpsB	SRR15852922sub_R1_001	GAAAACATCGCAGTTCGTGAAGCTAATCGTCTGGGGATTCCCGTATTCGGTATCGTTGAT	1	1.65	Root; d__Bacteria; p__Bacteroidota; c__Bacteroidia; o__Bacteroidales; f__Bacteroidaceae
S3.5.ribosomal_protein_S2_rpsB	SRR15852922sub_R1_001	GAGAGAATCTGCGTACAGGAAGCACAGTCTTTAGGGATCACACTGATCGGTATCGCTGAT	1	1.65	Root; d__Bacteria; p__Bacillota; c__Clostridia; o__Lachnospirales; f__Lachnospiraceae; g__Agathobacter; s__Agathobacter faecis
S3.6.ribosomal_protein_S5	SRR15852922sub_R1_001	GGTACCGGCCTCATTGCCGGCAACACCATCCGTGCCGTGCTGGAAGCAGCCGGCGTGCGT	1	1.65	Root; d__Bacteria; p__Verrucomicrobiota; c__Verrucomicrobiia; o__Verrucomicrobiales; f__Akkermansiaceae; g__Akkermansia
S3.7.ribosomal_protein_S7	SRR15852922sub_R1_001	TTCCAGGTTCCTACAGAAATCCGTGCTGACCGTAAGGAATCAATTTCCATGAAGAACTTG	4	6.59	Root; d__Bacteria; p__Bacteroidota; c__Bacteroidia; o__Bacteroidales; f__Bacteroidaceae; g__Bacteroides; s__Bacteroides uniformis
S3.8.ribosomal_protein_S12_S23	SRR15852922sub_R1_001	AGAGGTGTTTGTACTGCTGTTAAGACAGCAACTCCTAAGAAGCCTAACTCAGCTCTTCGT	1	1.65	Root; d__Bacteria; p__Bacillota; c__Clostridia; o__Lachnospirales; f__Lachnospiraceae
S3.8.ribosomal_protein_S12_S23	SRR15852922sub_R1_001	CGTGGCGTTTGTGTTCGTGTGTATACTACTACTCCGAAAAAGCCGAATTCAGCAATGCGT	2	3.30	Root; d__Bacteria; p__Bacteroidota; c__Bacteroidia; o__Bacteroidales; f__Bacteroidaceae
S3.8.ribosomal_protein_S12_S23	SRR15852922sub_R1_001	AGAGGTGGTTGTACAGCTGTTAAGACTGCAACACCTAAGAAGCCTAACTCAGCTCTTAGA	1	1.65	Root; d__Bacteria; p__Bacillota; c__Clostridia; o__Lachnospirales; f__Lachnospiraceae; g__Lachnospira
S3.9.ribosomal_protein_S15P_S13e	SRR15852922sub_R1_001	AAAGATTATAGTACTGAAAGAGCGTTAACAATGTTGGTAGGTAAGCGTCGTCGCTTACTT	1	1.65	Root; d__Bacteria; p__Bacteroidota; c__Bacteroidia; o__Bacteroidales; f__Bacteroidaceae; g__Bacteroides; s__Bacteroides ovatus
S3.9.ribosomal_protein_S15P_S13e	SRR15852922sub_R1_001	AAGGATTATAGTACAGAAAGAGCTTTGACTATGTTGGTAGGTAAACGCCGTGCGTTGCTG	1	1.65	Root; d__Bacteria; p__Bacteroidota; c__Bacteroidia; o__Bacteroidales; f__Bacteroidaceae; g__Bacteroides
S3.9.ribosomal_protein_S15P_S13e	SRR15852922sub_R1_001	AAGGATTATAGTAAAGAAAGATCTTTGACTATGTTGGTAGGTAAACGCCGTGCGTTGCTG	1	1.65	Root; d__Bacteria; p__Bacteroidota; c__Bacteroidia; o__Bacteroidales; f__Bacteroidaceae; g__Bacteroides
S3.10.ribosomal_protein_S19_rpsS	SRR15852922sub_R1_001	TGGAGCCGCAGCTCCACCATCTTCCCCGCCTTCGTCGGCCACACCATCGCTGTTCACGAC	1	1.65	Root; d__Bacteria; p__Bacillota; c__Clostridia; o__Oscillospirales; f__Oscillospiraceae; g__Oscillibacter; s__Oscillibacter sp944387035
S3.10.ribosomal_protein_S19_rpsS	SRR15852922sub_R1_001	TGGGCCAGAGCTTCAATGATTTCGCCTGATTTCGTAGGCCATACTGTTGCAGTTCACAAC	1	1.65	Root; d__Bacteria; p__Bacteroidota; c__Bacteroidia; o__Bacteroidales; f__Bacteroidaceae; g__Bacteroides
S3.10.ribosomal_protein_S19_rpsS	SRR15852922sub_R1_001	TGGTCCCGCCGTTCTACGATCTTCCCGCAGATGGTTGGTCATACAATCGCAGTACATGAT	2	3.30	Root; d__Bacteria; p__Bacillota; c__Clostridia; o__Lachnospirales; f__Lachnospiraceae; g__Alitiscatomonas; s__Alitiscatomonas aceti
S3.10.ribosomal_protein_S19_rpsS	SRR15852922sub_R1_001	TGGGCAAGAGCTTCAATGATTTCGCCTGATTTCGTAGGCCATACTATTGCAGTTCATAAT	1	1.65	Root; d__Bacteria; p__Bacteroidota; c__Bacteroidia; o__Bacteroidales; f__Tannerellaceae; g__Parabacteroides
S3.10.ribosomal_protein_S19_rpsS	SRR15852922sub_R1_001	TGGTCCCGCCGTTCTACAATCTTCCCGCAGATGGTTGGTCATACAATCGCTGTACATGAC	1	1.65	Root; d__Bacteria; p__Bacillota; c__Clostridia; o__Lachnospirales; f__Lachnospiraceae; g__Pilosibacter; s__Pilosibacter sp900066785
S3.11.pheS	SRR15852922sub_R1_001	GAGGTGGAGCTGGCCGAGCTGAACTTCGACCGGCTCAACGCCGGCGAGGGGCACCCCAGC	1	1.66	Root; d__Bacteria; p__Bacillota; c__Clostridia; o__Oscillospirales; f__Oscillospiraceae; g__Lawsonibacter; s__Lawsonibacter sp947645675
S3.11.pheS	SRR15852922sub_R1_001	GAAATTGAAGATGACTGGCATGTGTTCTCCGCACTCAACTTTGCCGAAGATCATCCGGCA	1	1.65	Root; d__Bacteria; p__Bacteroidota; c__Bacteroidia; o__Bacteroidales; f__Bacteroidaceae; g__Bacteroides
S3.11.pheS	SRR15852922sub_R1_001	GAAATCGAAAGCGACTGGTTCAGCTTTACGGCCCTCAACAATCCTCCCAACCATCCGGCC	1	1.65	Root; d__Bacteria; p__Pseudomonadota; c__Gammaproteobacteria; o__Burkholderiales; f__Burkholderiaceae; g__Sutterella; s__Sutterella merdavium
S3.12.ribosomal_L1	SRR15852922sub_R1_001	CGTGTTTTGGTTCTGTGTACACCTGATGCTGAAGCTGCTGCAAAAGAAGCTGGCGCTGAC	1	1.65	Root; d__Bacteria; p__Bacteroidota; c__Bacteroidia; o__Bacteroidales; f__Bacteroidaceae; g__Phocaeicola
S3.13.ribosomal_S9	SRR15852922sub_R1_001	GGTGGTGGTTTCACTGGTCAGTCTCAGGCATTGCGTTTGGCAATTGCTCGTGCACTGGTT	1	1.65	Root; d__Bacteria; p__Bacteroidota; c__Bacteroidia; o__Bacteroidales; f__Bacteroidaceae
S3.13.ribosomal_S9	SRR15852922sub_R1_001	GGCGGCGGCATTCACGGCCAGGTGGGCGCCATCCGCATGGCGATTGCCCGCGCTCTGGTT	1	1.65	Root; d__Bacteria; p__Verrucomicrobiota; c__Verrucomicrobiia; o__Verrucomicrobiales; f__Akkermansiaceae; g__Akkermansia; s__Akkermansia massiliensis
S3.13.ribosomal_S9	SRR15852922sub_R1_001	GGTGGCGGCGTTTACGGTCAGGCTGGTGCTATCCGTCACGGTATCTCTCGCGCTCTGCTG	1	1.65	Root; d__Bacteria; p__Bacillota; c__Clostridia; o__Oscillospirales; f__Ruminococcaceae; g__Negativibacillus; s__Negativibacillus massiliensis
S3.13.ribosomal_S9	SRR15852922sub_R1_001	GGTGGCGGTGAATCCGGCCAGGCCGGCGCCGTCCGTCACGGCATCACCCGCGCCCTCATC	1	1.65	Root; d__Bacteria; p__Pseudomonadota; c__Gammaproteobacteria; o__Burkholderiales; f__Burkholderiaceae; g__Sutterella
S3.13.ribosomal_S9	SRR15852922sub_R1_001	GGCGGCGGCGTAACAGGCCAGGCCGGTGCTATCCGTCACGGTATTTCAAGAGCTCTTCTT	1	1.65	Root; d__Bacteria; p__Bacillota; c__Clostridia; o__Oscillospirales; f__Acutalibacteraceae; g__Ruminococcoides
S3.14.hisS	SRR15852922sub_R1_001	TTCTATCAGTGCGATGCCGATGTGGTAGGCAGTGATTCCTTGCTGAATGAGGTGGAGCTG	2	3.30	Root; d__Bacteria; p__Bacteroidota; c__Bacteroidia; o__Bacteroidales; f__Bacteroidaceae; g__Bacteroides; s__Bacteroides uniformis
S3.14.hisS	SRR15852922sub_R1_001	TTCTACCAATTCAATGCGGACATTCTTGGGGAAGGCTCCGCGTGGGCGGACTCCGAACTG	1	1.65	Root; d__Bacteria; p__Verrucomicrobiota; c__Verrucomicrobiia; o__Verrucomicrobiales; f__Akkermansiaceae; g__Akkermansia; s__Akkermansia massiliensis
S3.14.hisS	SRR15852922sub_R1_001	TTCCACCAGTTCGGCGTGGAGATGTTTGGCTCCAACAGCCCCAGCGCGGACGCCGAGGTC	1	1.65	Root; d__Bacteria; p__Bacillota; c__Clostridia; o__Oscillospirales; f__Acutalibacteraceae; g__Anaeromassilibacillus; s__Anaeromassilibacillus stercoravium
S3.15.glyS_dimeric	SRR15852922sub_R1_001	CGTATGAAGATTCCTTTCGGTATCGCTCAGATTGGTAAGGCTTTCCGCAACGAGATCGTA	1	1.65	Root; d__Bacteria; p__Bacteroidota; c__Bacteroidia; o__Bacteroidales; f__Bacteroidaceae; g__Phocaeicola
S3.15.glyS_dimeric	SRR15852922sub_R1_001	CGCCGCAAGCTGCCCTTCGGCGTGTGCCAGGTGGGCAAGGCTTTCCGCAACGAGATCACC	1	1.65	Root; d__Bacteria; p__Bacillota; c__Clostridia; o__Oscillospirales; f__Ruminococcaceae; g__Faecalibacterium
S3.15.glyS_dimeric	SRR15852922sub_R1_001	CGTATGAAAGTTCCTTTCGGTATCGCACAGATTGGTAAGGCTTTCCGTAACGAGATCGTT	1	1.65	Root; d__Bacteria; p__Bacteroidota; c__Bacteroidia; o__Bacteroidales; f__Bacteroidaceae; g__Bacteroides
S3.16.SRP_SPB	SRR15852922sub_R1_001	GTGGTAATTATAGATACAGCAGGACGCCTTCATAATAAAGTCGGTTTGATGAATGAACTG	2	3.30	Root; d__Bacteria; p__Bacteroidota; c__Bacteroidia; o__Bacteroidales; f__Bacteroidaceae; g__Bacteroides; s__Bacteroides uniformis
S3.16.SRP_SPB	SRR15852922sub_R1_001	CTTGTTTTTGTTGATACTGCTGGATTTTCCCATAAAAATGAGGAACAGAAAGAAGATATC	2	3.30	Root; d__Bacteria; p__Bacillota; c__Clostridia; o__Lachnospirales; f__Lachnospiraceae; g__Agathobacter; s__Agathobacter faecis
S3.16.SRP_SPB	SRR15852922sub_R1_001	GTTCTGATCATTGATACGGCAGGTCGTCTGCATGTTGATGAAGAGATGATGGATGAGCTT	1	1.65	Root; d__Bacteria; p__Bacillota; c__Clostridia; o__Lachnospirales; f__Lachnospiraceae; g__Agathobacter; s__Agathobacter faecis
S3.18.EIF_2_alpha	SRR15852922sub_R1_001	GGTGCCTTCGTGGAAATCGAATCCGGC------ATCGAAGGCCTTGTGCACGTCTCCGAA	1	1.55	Root; d__Archaea; p__Thermoproteota; c__Bathyarchaeia; o__40CM-2-53-6; f__40CM-2-53-6; g__BA-19
S3.18.EIF_2_alpha	SRR15852922sub_R1_001	GGCGTGTTCGTAGAATTCTTG------CCTGGTAAAGACGGATTGTTACACATCTCTGAA	1	1.55	Root; d__Archaea
S3.18.EIF_2_alpha	SRR15852922sub_R1_001	GGTGCCTTCGTGGAAATCGAAGCCGGC------ATCGAAGGCCTTGTGCACGTCTCCGAA	1	1.55	Root; d__Archaea; p__Thermoproteota; c__Nitrososphaeria_A; o__Caldarchaeales; f__Caldarchaeaceae; g__Caldarchaeum
S3.18.EIF_2_alpha	SRR15852922sub_R1_001	GGCGCATTTGTCGATATAGGCATCAAG------GAAAACGGACTGGTACACCTCTCCCAA	2	3.09	Root; d__Bacteria; p__Bacteroidota; c__Bacteroidia; o__Bacteroidales; f__Bacteroidaceae; g__Bacteroides
S3.18.EIF_2_alpha	SRR15852922sub_R1_001	GGCGTGTTCGTGGATATCGGCGTCCAC------CAGGACGGCCTGGTCCACATCTCCCAG	1	1.55	Root; d__Bacteria; p__Bacillota; c__Clostridia; o__Oscillospirales; f__Oscillospiraceae; g__Oscillibacter
S3.18.EIF_2_alpha	SRR15852922sub_R1_001	GGCGTCATCGTGCGCTTGGACGACTCC---GGGCTCGAAGGCTACGTGCACGTCTCGAAC	1	1.60	Root; d__Archaea; p__Nanobdellota; c__Nanobdellia; o__Parvarchaeales; f__Parvarchaeaceae; g__JAMCRB01
S3.18.EIF_2_alpha	SRR15852922sub_R1_001	GGCGCCTTCGTGGAGCTGGAAAAGGGC------GTGGAAGGCCTGGTGCACGTTTCCGAA	1	1.55	Root; d__Eukaryota; Viridiplantae
S3.18.EIF_2_alpha	SRR15852922sub_R1_001	GGTGCTTTTATCGAGTTTGCACCA------GGCAAGGAAGGAATGGTTCACATTTCAAAG	2	3.09	Root; d__Bacteria; p__Bacillota; c__Clostridia; o__Lachnospirales; f__Lachnospiraceae; g__Agathobacter; s__Agathobacter faecis
S3.18.EIF_2_alpha	SRR15852922sub_R1_001	GGCGCGTTCATGGAAGTGCTT------CCCGGCAAGGACGGCCTGATTCACATCTCCGAG	1	1.55	Root; d__Bacteria; p__Verrucomicrobiota; c__Verrucomicrobiia; o__Verrucomicrobiales; f__Akkermansiaceae; g__Akkermansia
S3.18.EIF_2_alpha	SRR15852922sub_R1_001	GGCGCGTTAATGGAAGTG------CTTCCCGGCAAGGACGGACTGATTCACATCTCCGAG	1	1.55	Root; d__Eukaryota; Viridiplantae
S3.22.gatD_arch	SRR15852922sub_R1_001	CTTGCCAAGAAAATCAATGAACTACTGAAACGCCCGGACGACGGCATCGTGATTACTCAC	1	1.70	Root; d__Bacteria; p__Bacteroidota; c__Bacteroidia; o__Bacteroidales; f__Bacteroidaceae; g__Bacteroides
S3.22.gatD_arch	SRR15852922sub_R1_001	ATTGTAAAAATCATCAACCACAACTACGAC---AATTTCGACGGCTTCGTCATCCTGCAC	1	1.60	Root; d__Bacteria; p__Bacteroidota; c__Bacteroidia; o__Bacteroidales; f__Bacteroidaceae; g__Bacteroides
S3.22.gatD_arch	SRR15852922sub_R1_001	ATCGTGAAAATCATCGCCGATAATTATCAG---AAATACGACGGCTTCGTGGTACTGCAT	1	1.60	Root; d__Bacteria; p__Bacteroidota; c__Bacteroidia; o__Bacteroidales; f__Tannerellaceae; g__Parabacteroides
S3.22.gatD_arch	SRR15852922sub_R1_001	CTTGCAAAAAAAATAAATGAACTATTGAAACGCCCGGACGACGGTATCGTGATTACTCAC	1	1.70	Root; d__Bacteria; p__Bacteroidota; c__Bacteroidia; o__Bacteroidales; f__Bacteroidaceae; g__Bacteroides
S3.33.ribosomal_S4e	SRR15852922sub_R1_001	CAATATGCGTCAACGATTGATGAGGCTTTTGCCATCGCACAGCAACGGAAGACATTCGTC	1	1.65	Root; d__Archaea; p__Thermoproteota; c__Bathyarchaeia; o__Bathyarchaeales; f__SOJC01; g__GCA-020352645
S3.33.ribosomal_S4e	SRR15852922sub_R1_001	CAATATGCAGCCACTATTGATGAAGCCTTTGCCATCGCCAAAAAACGGGAAACATTCGTC	1	1.65	Root; d__Archaea; p__Thermoproteota; c__Bathyarchaeia; o__Bathyarchaeales; f__SOJC01; g__GCA-020352645
S3.33.ribosomal_S4e	SRR15852922sub_R1_001	CAATATGCTTCTACCATTGAGGAAGCATACGCTATCGCCCGGAAACGGAAAACATTTGTC	1	1.65	Root; d__Archaea; p__Thermoproteota; c__Bathyarchaeia; o__Bathyarchaeales; f__SOJC01; g__GCA-020352645
S3.37.uS4_arch	SRR15852922sub_R1_001	GCCCGTCAGCTGGTGGGCCACGGCCACTTCACCGTCAACGGCCAGCGGGTGGATATCCCC	1	1.65	Root; d__Bacteria; p__Bacillota; c__Clostridia; o__Oscillospirales; f__Oscillospiraceae; g__Flavonifractor; s__Flavonifractor plautii
S3.37.uS4_arch	SRR15852922sub_R1_001	GCCCGTCAGCTGGTGACCCACGGCCACTTCACCGTGACCGGCCAGCGGGTGGACCTCCCC	1	1.65	Root; d__Bacteria; p__Bacillota; c__Clostridia; o__Oscillospirales; f__Oscillospiraceae; g__Lawsonibacter; s__Lawsonibacter sp900066825
S3.37.uS4_arch	SRR15852922sub_R1_001	GCTCGTCAGTTGGTGAGCCACAAGCACATTACTGTAGACGGTGAGGTTGTGAATATTCCT	1	1.65	Root; d__Bacteria; p__Bacteroidota; c__Bacteroidia; o__Bacteroidales; f__Bacteroidaceae; g__Bacteroides
S3.37.uS4_arch	SRR15852922sub_R1_001	GCTCGTCAGCTGGTGTCCCACGCTCACTTCACCGTCAACGGCAAGAAGGTCAACATTCCT	2	3.30	Root; d__Bacteria; p__Bacillota; c__Clostridia; o__Oscillospirales; f__Ruminococcaceae; g__Faecalibacterium; s__Faecalibacterium taiwanense
S3.37.uS4_arch	SRR15852922sub_R1_001	GCCCGGCAGCTCGTTTCCCACGGCCCTATCACCGTGAACGGCAAAAAGACGAACGGTGCT	1	1.65	Root; d__Eukaryota; Viridiplantae
S3.38.ribosomal_protein_L5_rplE	SRR15852922sub_R1_001	ATGTACGAATTCCTTGAAAAGTTGGTTCGTGTAGCTCTGCCTCGTATCCGCGACTTCAAG	3	4.95	Root; d__Bacteria; p__Bacteroidota; c__Bacteroidia; o__Bacteroidales; f__Bacteroidaceae; g__Bacteroides; s__Bacteroides uniformis
S3.38.ribosomal_protein_L5_rplE	SRR15852922sub_R1_001	ATGTATGAGTTCCTTGAAAAACTTGTTCGTGTTGCTTTGCCACGTATTCGTGACTTCAAA	1	1.65	Root; d__Bacteria; p__Bacteroidota; c__Bacteroidia; o__Bacteroidales; f__Bacteroidaceae; g__Phocaeicola
S3.38.ribosomal_protein_L5_rplE	SRR15852922sub_R1_001	ATGTATGAGTTCGTCGATCGCTTCTTCAACATCGCACTGCCCCGTGTCCGCGACTTCCGC	1	1.65	Root; d__Bacteria; p__Bacillota; c__Clostridia; o__Oscillospirales; f__Ruminococcaceae; g__Faecalibacterium
S3.39.ribosomal_protein_L6_rplF	SRR15852922sub_R1_001	GATAAGGAAAAGGTTGGCCAGGTTGCGGCTGAAATCCGCGCTTGGAGACAGCCTGAACCT	1	1.65	Root; d__Bacteria; p__Bacillota; c__Negativicutes; o__Veillonellales; f__Dialisteraceae; g__Dialister; s__Dialister hominis
S3.39.ribosomal_protein_L6_rplF	SRR15852922sub_R1_001	GACAAGCAGGTCGTAGGCCAGTTTGCCGCTGAAGTCCGTGCGTACTATCCCCCGGAACCC	1	1.65	Root; d__Bacteria; p__Verrucomicrobiota; c__Verrucomicrobiia; o__Verrucomicrobiales; f__Akkermansiaceae; g__Akkermansia
S3.39.ribosomal_protein_L6_rplF	SRR15852922sub_R1_001	GACAAACAATTGCTTGGTCAAGTTTGCTCTAAAATACGTTCTTTCCGTAAGCCTGAACCA	1	1.65	Root; d__Bacteria; p__Bacteroidota; c__Bacteroidia; o__Bacteroidales; f__Bacteroidaceae; g__Bacteroides
S3.40.ribosomal_protein_L11_rplK	SRR15852922sub_R1_001	AAAGGAGGCGCTGCAAATCCATCACCTCCCGTTGGACCTGCTTTGGGTTCTAAGGGTATT	1	1.65	Root; d__Bacteria; p__Bacteroidota; c__Bacteroidia; o__Bacteroidales; f__Bacteroidaceae
S3.40.ribosomal_protein_L11_rplK	SRR15852922sub_R1_001	GCAGATGGTAAGGCAACACCAGCACCACCTGTTGGTCCAGCACTTGGTCAGCATGGTGTA	2	3.30	Root; d__Bacteria; p__Bacillota; c__Clostridia; o__Lachnospirales; f__CAG-274; g__CAG-274
S3.40.ribosomal_protein_L11_rplK	SRR15852922sub_R1_001	CCTGCCGGCAAGGCAACACCGGCTCCGCCAGTTGGACCGGCTCTTGGACAGCACGGTGTA	1	1.65	Root; d__Bacteria; p__Bacillota; c__Clostridia; o__Lachnospirales; f__Lachnospiraceae; g__Pilosibacter
S3.41.ribosomal_protein_S10_rpsJ	SRR15852922sub_R1_001	GTACCGCTTCCAACGAAGAAAGAGGTAGTAACTATCCTTCGTGCCGTTCATAAGTACAAA	1	1.65	Root; d__Bacteria; p__Bacillota; c__Clostridia; o__Lachnospirales; f__Lachnospiraceae; g__Fusicatenibacter; s__Fusicatenibacter saccharivorans
S3.41.ribosomal_protein_S10_rpsJ	SRR15852922sub_R1_001	ATCCCGTTGCCGACCCGCATTGAAAAATTCTCCGTGAACCGTTCCGTTCACGTCAACAAG	2	3.30	Root; d__Bacteria; p__Verrucomicrobiota; c__Verrucomicrobiia; o__Verrucomicrobiales; f__Akkermansiaceae; g__Akkermansia
S3.41.ribosomal_protein_S10_rpsJ	SRR15852922sub_R1_001	ATACCTCTGCCTACGCACAAACGTATCTTTACTGTGAACCGTTCGACTTTCGTAAATAAA	1	1.65	Root; d__Bacteria; p__Bacteroidota; c__Bacteroidia; o__Bacteroidales; f__Bacteroidaceae; g__Bacteroides; s__Bacteroides xylanisolvens
S3.42.RNA_pol_A_bac	SRR15852922sub_R1_001	GTAGAAACTCTCGGCGACTTGGTACAATTCAACAAAACTGACCTGCTAAAATTCAGAAAC	1	1.65	Root; d__Bacteria; p__Bacteroidota; c__Bacteroidia; o__Bacteroidales; f__Bacteroidaceae; g__Bacteroides; s__Bacteroides ovatus
S3.42.RNA_pol_A_bac	SRR15852922sub_R1_001	ATCAACACTGTTGAAGACTTGGCAAATAAGACTGAAGACGATATGATGAAGGTACGTAAT	1	1.65	Root; d__Bacteria; p__Bacillota; c__Clostridia; o__Lachnospirales; f__CAG-274; g__CAG-274; s__CAG-274 sp900545305
S3.42.RNA_pol_A_bac	SRR15852922sub_R1_001	ATCAACACGGTGGCGGATCTGATCTCCAAGACCGAGGACGAGATGATGAAGGTGCGCAAC	2	3.30	Root; d__Bacteria; p__Bacillota; c__Clostridia; o__Oscillospirales; f__Oscillospiraceae; g__Vescimonas; s__Vescimonas cirricatena
S3.43.TIGR00042	SRR15852922sub_R1_001	TTGGCAGATGATTCCGGTCTGGCAGTGGATTATATCGGTGGCGAGCCGGGCGTTTATTCT	1	1.65	Root; d__Bacteria; p__Bacillota; c__Clostridia; o__Lachnospirales; f__Lachnospiraceae; g__Enterocloster; s__Enterocloster sp001517625
S3.43.TIGR00042	SRR15852922sub_R1_001	TTTGCCGATGATACGGGATTGGAAGTGGAAGCCTTGAACGGAGCTCCCGGAGTCTATTCC	1	1.65	Root; d__Bacteria; p__Bacteroidota; c__Bacteroidia; o__Bacteroidales; f__Bacteroidaceae; g__Bacteroides
S3.43.TIGR00042	SRR15852922sub_R1_001	CTGGCGGATGATTCCGGGCTGGAGGTGGATGTGCTGGGCGGCCGTCCCGGCGTCTGGTCC	1	1.65	Root; d__Bacteria; p__Verrucomicrobiota; c__Verrucomicrobiia; o__Verrucomicrobiales; f__Akkermansiaceae; g__Akkermansia; s__Akkermansia massiliensis
S3.43.TIGR00042	SRR15852922sub_R1_001	ATGGCAGATGATTCCGGGCTGGAAGTGGATTACCTGCACAAAAAGCCGGGGATTTATTCT	1	1.65	Root; d__Bacteria; p__Bacillota; c__Clostridia; o__Lachnospirales; f__Lachnospiraceae; g__Roseburia; s__Roseburia inulinivorans
S3.44.alaS	SRR15852922sub_R1_001	CTGAGATTCGACTTCACCTGGCCGGAAGCGTTATCTGCAAAGCAGATCAGGGAAGTTGAA	2	3.30	Root; d__Bacteria; p__Bacillota; c__Negativicutes; o__Veillonellales; f__Dialisteraceae; g__Dialister
S3.44.alaS	SRR15852922sub_R1_001	AGCAAGCTGGACTACCGTCTTGCCGCCTGCCCCACGGAAGAAGAAATAAAGAAGCTGGAA	1	1.65	Root; d__Bacteria; p__Bacteroidota; c__Bacteroidia; o__Bacteroidales; f__Bacteroidaceae; g__Bacteroides; s__Bacteroides rodentium
S3.44.alaS	SRR15852922sub_R1_001	ACGCGCTTTGACTTCTCGCATCCGCATCCGCTCACGGCCGCCGAAATCCGCCGTGTCGAA	1	1.65	Root; d__Bacteria; p__Pseudomonadota; c__Gammaproteobacteria; o__Burkholderiales; f__Burkholderiaceae; g__Sutterella
S3.44.alaS	SRR15852922sub_R1_001	TTACGTTTCGACTTCTCTCACTTCCAGAAAGTAACGGACGAAGAAATCCGCCGGGTAGAG	1	1.65	Root; d__Bacteria; p__Bacteroidota; c__Bacteroidia; o__Bacteroidales; f__Bacteroidaceae; g__Bacteroides; s__Bacteroides clarus
S3.44.alaS	SRR15852922sub_R1_001	CTGCGTTTCGACTTCTCACACTTCCAGAAGGTGACGGACGAGGAAATCCGCAAGGTGGAA	3	4.95	Root; d__Bacteria; p__Bacteroidota; c__Bacteroidia; o__Bacteroidales; f__Bacteroidaceae; g__Bacteroides; s__Bacteroides uniformis
S3.44.alaS	SRR15852922sub_R1_001	ACTCACTTCGACTTTACCCACTTCAGCGCTGTCACTCCCGAGGAGCTGGCCCGCGTGCAG	1	1.65	Root; d__Bacteria; p__Bacillota; c__Clostridia; o__Oscillospirales; f__Ruminococcaceae; g__Faecalibacterium
S3.45.NusA	SRR15852922sub_R1_001	CGCGCCAAGATCGCCGTCTACACGCGCGACCGCCGCATCGATCCGATCGGCACCTGCGTC	2	3.30	Root; d__Bacteria; p__Pseudomonadota; c__Gammaproteobacteria; o__Burkholderiales; f__Burkholderiaceae; g__Sutterella
S3.45.NusA	SRR15852922sub_R1_001	CGCACCAAGATGGCTGTTTGGAGCAAGGACCCCAACGTGAACCCTGTTTCCGCCTGCATC	1	1.65	Root; d__Bacteria; p__Bacillota; c__Clostridia; o__Oscillospirales; f__Ruminococcaceae; g__Faecalibacterium; s__Faecalibacterium taiwanense
S3.45.NusA	SRR15852922sub_R1_001	CGCACCAAGATCGCAGTCACCTCGCACGACGAGAACGTCGACCCGATCGGCGCGTGCGTG	1	1.65	Root; d__Bacteria; p__Bacillota; c__Clostridia; o__Oscillospirales; f__Butyricicoccaceae; g__Agathobaculum; s__Agathobaculum intestinigallinarum
S3.45.NusA	SRR15852922sub_R1_001	CGCACGAAAATGGCCGTCTGGAGCAAGGATGAAAACGTGGACCCCGTGGGCGCGTGCATC	1	1.65	Root; d__Bacteria; p__Bacillota; c__Clostridia; o__Oscillospirales; f__Ruminococcaceae; g__Ruthenibacterium; s__Ruthenibacterium lactatiformans
S3.46.pheT_bact	SRR15852922sub_R1_001	ATTGCCGGCGTATTCGGCGGACTGGACTCCGGTTCTACGGAAGCTACGACAGATGTATTC	2	3.30	Root; d__Bacteria; p__Bacteroidota; c__Bacteroidia; o__Bacteroidales; f__Bacteroidaceae; g__Bacteroides
S3.46.pheT_bact	SRR15852922sub_R1_001	ATTGCCGGAGTATTCGGCGGATTGGATTCCGGTTCTACGGAAACTACGAAAGATGTATTC	1	1.65	Root; d__Bacteria; p__Bacteroidota; c__Bacteroidia; o__Bacteroidales; f__Bacteroidaceae; g__Bacteroides; s__Bacteroides clarus
S3.47.recR	SRR15852922sub_R1_001	TTTGCCAAGTTGCCCGGAGTGGGACGCAAGACGGCTATGAGGCTGGTTCTTCACCTGCTC	1	1.65	Root; d__Bacteria; p__Bacteroidota; c__Bacteroidia; o__Bacteroidales; f__Bacteroidaceae; g__Bacteroides; s__Bacteroides uniformis
S3.48.rplD_bact	SRR15852922sub_R1_001	CTTACCCGCGCCGAGGTCTCCGGCGGCGGCAAGAAGCCCTGGCGTCAGAAGGGCACCGGC	1	1.65	Root; d__Bacteria; p__Bacillota; c__Clostridia
S3.48.rplD_bact	SRR15852922sub_R1_001	AAGATCCGCATGGAAGTTTCCGGCGGCGGCAAGAAGCCCTGGCGTCAGAAGGGCACCGGC	1	1.65	Root; d__Bacteria
S3.48.rplD_bact	SRR15852922sub_R1_001	CTGACCCGTGCAGAGGTCTCCGGCGGCGGCAAGAAGCCCTGGCGTCAGAAGGGCACCGGT	1	1.65	Root; d__Bacteria; p__Bacillota; c__Clostridia; o__Oscillospirales; f__Oscillospiraceae; g__Vescimonas; s__Vescimonas cirricatena
S3.49.rplO_bact	SRR15852922sub_R1_001	AAAACAAGAAAAAGAATCGGACGCGGTCCGGGTTCTGGTTTGGGAGGTACTTCTACCAGA	1	1.65	Root; d__Bacteria; p__Bacteroidota; c__Bacteroidia; o__Bacteroidales; f__Bacteroidaceae; g__Bacteroides; s__Bacteroides stercoris_A
S3.49.rplO_bact	SRR15852922sub_R1_001	AAGACAAGACAAAGAATTGGACGTGGTGCTGGGTCTGGCTGCGGTGGTCCTTCTACAAGA	1	1.65	Root; d__Bacteria; p__Bacteroidota; c__Bacteroidia; o__Bacteroidales; f__Bacteroidaceae; g__Bacteroides
S3.49.rplO_bact	SRR15852922sub_R1_001	CACAGCGATTTCAGAAGAGGCCGCGGCCACGCTTCCGGAAACGGAAAGACAGCTGGTAAG	1	1.70	Root; d__Bacteria; p__Bacillota; c__Clostridia; o__Lachnospirales; f__Lachnospiraceae; g__Alitiscatomonas
S3.49.rplO_bact	SRR15852922sub_R1_001	AAGGACGTCTTCCGCAAGGGGCGCGGCCACGGTTCCGGCAATGGTAAGACAGCCGGCAAG	1	1.65	Root; d__Bacteria; p__Bacillota; c__Clostridia; o__Oscillospirales; f__Ruminococcaceae; g__Anaerotruncus; s__Anaerotruncus colihominis
S3.49.rplO_bact	SRR15852922sub_R1_001	AAGACAAGAAAAAGAATTGGACGTGGAACTGGTTCTGGCTTAGGCGGTACTTCTACAAGA	1	1.65	Root; d__Bacteria; p__Bacteroidota; c__Bacteroidia; o__Bacteroidales; f__Bacteroidaceae; g__Bacteroides
S3.49.rplO_bact	SRR15852922sub_R1_001	AATGCGCCCACCCGCAAGGGCCGAGGCGCAGGCTCCGGCAACGGCAAGACCGCAGGCTAC	1	1.65	Root; d__Bacteria; p__Bacillota; c__Clostridia; o__Oscillospirales; f__Ruminococcaceae; g__Gemmiger
S3.50.rplT_bact	SRR15852922sub_R1_001	AAGAACAAGAAGAGAAACTTCCGTGCTTTGTGGATTCAGCGTATCAACGCTGCCGCTCGT	3	4.95	Root; d__Bacteria; p__Bacteroidota; c__Bacteroidia; o__Bacteroidales; f__Bacteroidaceae; g__Bacteroides
S3.50.rplT_bact	SRR15852922sub_R1_001	CGCATGAAGAAGCGTCAGTTCCGCAACCTGTGGATCTGCCGCATCAACAACGCAGTTCGT	1	1.65	Root; d__Bacteria; p__Bacillota; c__Clostridia; o__Oscillospirales; f__Ruminococcaceae; g__Faecalibacterium
S3.50.rplT_bact	SRR15852922sub_R1_001	AAGAACAATAAGAGAAACTTCCGTTCTTTGTGGATTCAGCGTATCAACGCTGCCGCTCGT	1	1.65	Root; d__Bacteria; p__Bacteroidota; c__Bacteroidia; o__Bacteroidales; f__Bacteroidaceae; g__Bacteroides
S3.50.rplT_bact	SRR15852922sub_R1_001	AAAGAGAGAAAGAGACAGTTCAGACAGCTCTGGATCGCTCGTATCAACGCTGCAGCAAGA	1	1.65	Root; d__Bacteria; p__Bacillota; c__Clostridia; o__Lachnospirales; f__Lachnospiraceae; g__Pilosibacter; s__Pilosibacter sp900066055
S3.50.rplT_bact	SRR15852922sub_R1_001	AAACAGAAAAAACGTGACTTCAGAAGACTTTGGATCACCAGAATCTCTGCAGCTTGCCGT	1	1.65	Root; d__Bacteria; p__Bacillota; c__Clostridia; o__Oscillospirales; f__Ruminococcaceae; g__Negativibacillus; s__Negativibacillus massiliensis
S3.51.rplV_bact	SRR15852922sub_R1_001	GAGTGCTACGTCTGCCCCGGCCCGACGCTGAAGCGCATGATGCCTCGTGCACAGGGCCGC	1	1.65	Root; d__Bacteria
S3.51.rplV_bact	SRR15852922sub_R1_001	AAGATTTTTGTTGATGGTGGTGCTACACTCAAAAGAATGAGACCGGCTCCGCAGGGTAGA	3	4.95	Root; d__Bacteria; p__Bacteroidota; c__Bacteroidia; o__Bacteroidales; f__Bacteroidaceae; g__Bacteroides
S3.51.rplV_bact	SRR15852922sub_R1_001	ACAATTTTTGTAGATGCAGGCCCGATTATGAAGAGAGTGCATCCACGCTCCCGTGGACAG	1	1.65	Root; d__Bacteria; p__Bacillota; c__Negativicutes; o__Veillonellales; f__Dialisteraceae; g__Dialister
S3.51.rplV_bact	SRR15852922sub_R1_001	GAGGTGTTCGCCACGCCCGGCCCCATCCTGAAGCGGATGATGCCCCGGGCCCGGGGCCGC	1	1.65	Root; d__Bacteria; p__Bacillota; c__Clostridia; o__Oscillospirales; f__Oscillospiraceae; g__Oscillibacter
S3.52.rpsC_bact	SRR15852922sub_R1_001	GTAATTGAACGTACACTGAAACTCGTGACTATTACCGTTTGTACTGCACGTCCGGGTATC	3	4.95	Root; d__Bacteria; p__Bacteroidota; c__Bacteroidia; o__Bacteroidales; f__Bacteroidaceae; g__Bacteroides
S3.52.rpsC_bact	SRR15852922sub_R1_001	GTCATCGAGCGTACCCGCGACCGCGTGCGTGTGGATATCCACACCGCTCGCCCGGGCATC	1	1.65	Root; d__Bacteria; p__Actinomycetota; c__Actinomycetes; o__Actinomycetales; f__Bifidobacteriaceae; g__Bifidobacterium; s__Bifidobacterium sp959028125
S3.52.rpsC_bact	SRR15852922sub_R1_001	GAGATCGAGCGCACTGTGGATCGCGTTACCGTCAACATCTACTGCGCTAAGCCCGGTATG	1	2.05	Root; d__Bacteria; p__Bacillota; c__Clostridia; o__Oscillospirales; f__Ruminococcaceae; g__Faecalibacterium; s__Faecalibacterium longum
S3.53.ruvA	SRR15852922sub_R1_001	CCGAAAGCTGCTCTGGGAGTTCTGGCAGGAATCACTGCAGATGAGCTTCGCTTTGCTGTT	1	1.65	Root; d__Bacteria; p__Bacillota; c__Clostridia; o__Lachnospirales; f__Lachnospiraceae; g__Blautia_A; s__Blautia_A faecis
S3.53.ruvA	SRR15852922sub_R1_001	CCCAAGGCCGGGCTTGCCATTTTAAGTGTGCTGAGCCCGGCGCGCGTGGTGCTTGCGGTG	1	1.65	Root; d__Bacteria; p__Bacillota; c__Clostridia; o__Oscillospirales; f__Ruminococcaceae; g__Ruthenibacterium; s__Ruthenibacterium merdipullorum
S3.53.ruvA	SRR15852922sub_R1_001	GGAAACACGGCCCGTATGATTCTTTCTGCTCTTTCACCGGCCGAACTGGTGAATGTGATC	1	1.65	Root; d__Bacteria; p__Bacteroidota; c__Bacteroidia; o__Bacteroidales; f__Bacteroidaceae; g__Bacteroides; s__Bacteroides fragilis
S3.54.serS	SRR15852922sub_R1_001	CGTTCCGAAGCCGGCGCCTACGGCCGCGACACGCGCGGCATGATCCGTCAGCACCAGTTC	1	1.65	Root; d__Bacteria; p__Pseudomonadota; c__Gammaproteobacteria; o__Burkholderiales; f__Burkholderiaceae; g__Sutterella
S3.54.serS	SRR15852922sub_R1_001	CGCAAGGAGAAGGGCGCCCACGGCATCGAGGAGCGGGGCATCTATCGCATTCACCAGTTT	1	1.65	Root; d__Bacteria; p__Bacillota; c__Clostridia; o__Oscillospirales; f__Oscillospiraceae; g__Oscillibacter; s__Oscillibacter avistercoris
S3.54.serS	SRR15852922sub_R1_001	CGCCGTGAAGCCGGTTCATACGGGAAAGACGTACGTGGCTTGAACCGCCTGCACGAATTC	1	1.65	Root; d__Bacteria; p__Bacteroidota; c__Bacteroidia; o__Bacteroidales; f__Bacteroidaceae; g__Bacteroides; s__Bacteroides uniformis
S3.55.TIGR00006	SRR15852922sub_R1_001	CACTTTGATGACAGCGAACGGGGATTCTCCTTCCGCTTCGACGGGGCACTGGATATGCGT	1	1.65	Root; d__Bacteria; p__Bacteroidota; c__Bacteroidia; o__Bacteroidales; f__Bacteroidaceae; g__Bacteroides
S3.55.TIGR00006	SRR15852922sub_R1_001	CAGATCGACGACGCCGAACGGGGCTTCAGCTTCCGCTTCGACGGGCCCCTTGACATGCGC	1	1.65	Root; d__Bacteria; p__Pseudomonadota; c__Gammaproteobacteria; o__Burkholderiales; f__Burkholderiaceae; g__Sutterella
S3.55.TIGR00006	SRR15852922sub_R1_001	CAGCTGGACGACGCCGCCCGGGGCTTCTCCTACATGCAGGACGCCCCGCTGGACCTGCGG	1	1.65	Root; d__Bacteria; p__Bacillota; c__Clostridia; o__Oscillospirales; f__Oscillospiraceae; g__Oscillibacter
S3.55.TIGR00006	SRR15852922sub_R1_001	CACTTTGATGACAGCGAACGGGGATTCTCCTTCCGCTTCGAGGGCAAATTAGACATGCGG	1	1.65	Root; d__Bacteria; p__Bacteroidota; c__Bacteroidia; o__Bacteroidales; f__Bacteroidaceae; g__Phocaeicola
S3.55.TIGR00006	SRR15852922sub_R1_001	CAGCTGGACGACGCCTCCCGGGGCTTCTCCTACATGCAGGACGCCCCGCTGGACATGCGG	1	1.65	Root; d__Bacteria; p__Bacillota; c__Clostridia; o__Oscillospirales; f__Oscillospiraceae; g__Oscillibacter; s__Oscillibacter avistercoris
S3.55.TIGR00006	SRR15852922sub_R1_001	CACTTTGACGACTCCGAACGTGGATTCTCATTCCGCTTCGAGGGCAAATTAGACATGCGG	1	1.65	Root; d__Bacteria; p__Bacteroidota; c__Bacteroidia; o__Bacteroidales; f__Bacteroidaceae; g__Phocaeicola
S3.56.trmD	SRR15852922sub_R1_001	ATCAGTATCGGCGATTATGTATTAACAGGAGGAGAACTAGCGGCAGCAGTGATGGCAGAT	1	1.65	Root; d__Bacteria; p__Bacteroidota; c__Bacteroidia; o__Bacteroidales; f__Bacteroidaceae; g__Bacteroides
S3.56.trmD	SRR15852922sub_R1_001	ATCAGTATCGGCGACTATGTGTTGACTGGCGGAGAACTGGCGGCGGCTGTCATGGCAGAT	1	1.65	Root; d__Bacteria; p__Bacteroidota; c__Bacteroidia; o__Bacteroidales; f__Bacteroidaceae; g__Bacteroides
S3.56.trmD	SRR15852922sub_R1_001	ATCTCCCTGGGAGCCTTCGTGCTCACCGGCGGCGAGAGTCCCGCCTTGGCCGTGGCAGAC	1	1.65	Root; d__Bacteria; p__Bacillota; c__Clostridia; o__Oscillospirales; f__Oscillospiraceae; g__Vescimonas
S3.57.TruB	SRR15852922sub_R1_001	CGGGTGCTCGCCGAAGACATCGGCAGAGCCCTCGGCGTGGGCGCGCATCTGAGGACGCTC	1	1.65	Root; d__Bacteria; p__Pseudomonadota; c__Gammaproteobacteria; o__Burkholderiales; f__Burkholderiaceae; g__Sutterella; s__Sutterella merdavium
S3.58.tsf	SRR15852922sub_R1_001	GCTGAAGAAATCCTTCGCGTCAAGCTCGGCAACAAGGCCACGAAGGCCGCTTCGCGCATC	1	1.65	Root; d__Bacteria; p__Pseudomonadota; c__Gammaproteobacteria; o__Burkholderiales; f__Burkholderiaceae; g__Sutterella
S3.58.tsf	SRR15852922sub_R1_001	GCAATGGAAATTATCCGTAAGAAGGGACAAGCTGTTGCAGCTAAGCGTTCAGATCGCGAG	4	6.59	Root; d__Bacteria; p__Bacteroidota; c__Bacteroidia; o__Bacteroidales; f__Bacteroidaceae
S3.58.tsf	SRR15852922sub_R1_001	GCAGTTGAATGGCTGCGCCAGAAGGGCATGGCCAAGGCCGCCAAGAAATCCGGCCGCGCC	1	1.65	Root; d__Bacteria; p__Desulfobacterota_I; c__Desulfovibrionia; o__Desulfovibrionales; f__Desulfovibrionaceae; g__Desulfovibrio; s__Desulfovibrio porci
S3.59.uS11_bact	SRR15852922sub_R1_001	AATATTATTGTTTCTCTTGCAAATAGTGAAGGGCAGATTATCTCTTGGTCATCTGCTGGT	1	1.65	Root; d__Bacteria; p__Bacteroidota; c__Bacteroidia; o__Bacteroidales; f__Bacteroidaceae; g__Bacteroides
S3.59.uS11_bact	SRR15852922sub_R1_001	AACATAATTGTATCTTTGGCAAATAGTGAAGGTCAGATTATCTCATGGTCTTCTGCAGGT	1	1.65	Root; d__Bacteria; p__Bacteroidota; c__Bacteroidia; o__Bacteroidales; f__Bacteroidaceae; g__Phocaeicola; s__Phocaeicola dorei
S3.59.uS11_bact	SRR15852922sub_R1_001	AACATTATTGTTTCTCTGGCAAATAGCGAAGGTCAGATCATTTCTTGGTCTTCTGCCGGA	1	1.65	Root; d__Bacteria; p__Bacteroidota; c__Bacteroidia; o__Bacteroidales; f__Bacteroidaceae; g__Bacteroides; s__Bacteroides uniformis
